<?xml version="1.0" encoding="UTF-8"?>
<project-private xmlns="http://www.netbeans.org/ns/project-private/1">
    <editor-bookmarks xmlns="http://www.netbeans.org/ns/editor-bookmarks/2" lastBookmarkId="0"/>
    <open-files xmlns="http://www.netbeans.org/ns/projectui-open-files/2">
        <group>
            <file>file:/C:/Control%20de%20Gastos%20Personales%201/src/GUI/FrmMovimiento.java</file>
            <file>file:/C:/Control%20de%20Gastos%20Personales%201/src/GUI/Presupuesto.java</file>
            <file>file:/C:/Control%20de%20Gastos%20Personales%201/src/control/de/gastos/personales/pkg1/ControlDeGastosPersonales1.java</file>
            <file>file:/C:/Control%20de%20Gastos%20Personales%201/src/GUI/FrmConcepto.java</file>
            <file>file:/C:/Control%20de%20Gastos%20Personales%201/src/Clases/Presupuesto.java</file>
            <file>file:/C:/Control%20de%20Gastos%20Personales%201/src/Clases/Concepto.java</file>
            <file>file:/C:/Control%20de%20Gastos%20Personales%201/src/Clases/Movimiento.java</file>
        </group>
    </open-files>
</project-private>
